Neuron,seq0,reporter0,seq1,reporter1,seq2,reporter2,seq3,reporter3,seq4,reporter4,seq5,reporter5,seq6,reporter6,seq7,reporter7,seq8,reporter8,seq9,reporter9,seq10,reporter10,seq11,reporter11,seq12,reporter12,seq13,reporter13,seq14,reporter14,seq15,reporter15,seq16,reporter16,seq17,reporter17,seq18,reporter18,seq19,reporter19,seq20,reporter20,seq21,reporter21,seq22,reporter22,seq23,reporter23,seq24,reporter24,seq25,reporter25,seq26,reporter26,seq27,reporter27,seq28,reporter28,seq29,reporter29,seq30,reporter30,seq31,reporter31,seq32,reporter32
AWC_ON,356.331927614225,1,62.6465533324635,0,0.0,0,25.74956,0,0.0,1,0.0,0,178.374867685481,1,41.7751334442848,1,0.0,0,80.29934,1,95.6269851895905,0,163.484922366243,0,187.940833405627,1,0.0,0,0.0,0,100.311659182751,1,22.6082962422849,1,0.0,1,300.764771377002,0,166.926182721741,0,218.59553489587,1,344.731633611832,1,0.0,0,41.1000531973981,0,0.979964240513828,1,49.4103924031613,0,0.0,0,0.0,0,0.0,0,0.0,1,289.736891476975,0,67.0151985721877,0,0.0,0
AVA,465.338387389061,1,47.3566303722663,1,0.0,0,22.13066,0,0.0,0,159.493575890814,1,232.10434837939,0,33.3513271864317,0,46.0613777781593,1,0.0,0,0.0,0,0.0,0,71.1798176972155,0,0.0,0,0.0,0,88.6041420364831,0,38.61730368881,0,0.0,0,97.1773625729604,1,496.199422767702,0,167.945510745387,0,0.0,0,0.0,0,129.124534966098,1,0.0,1,8.43408939404144,0,114.823553666605,1,83.44431,1,25.2334978790318,1,1519.40974086652,0,156.070158858115,0,41.8449643944848,0,88.73466,1
ADF,195.527501926009,1,0.0,0,476.837915773425,0,0.0,1,0.0,1,0.0,0,72.4959726992335,0,25.51688653127,1,25.0447577628398,0,81.41294,1,45.1829224299054,1,24.2972750712593,1,32.9575702808252,0,0.0,0,27.771444329697,1,48.6260193072672,0,45.2730014351152,0,0.0,1,205.807690053121,1,110.76997140787,0,407.278464870812,1,0.0,1,0.0,0,0.0,0,22.9075877881879,1,96.5176545743944,1,0.0,0,0.0,0,0.0,0,0.0,0,126.158324589704,0,0.0,0,0.0,0
AIB,193.762123571428,1,46.2888683884661,1,4969.38622543346,0,0.0,0,0.0,0,26.2747671673031,0,112.768710185713,0,23.5136952935251,0,166.308783612524,0,0.0,0,7.52800681881106,0,0.0,0,175.016668542535,0,75.9913618860025,0,0.0,0,65.6690356229022,0,27.3774296799695,0,0.0,0,80.2281741805553,0,268.964234520806,0,117.296999896893,0,24.640278639824,0,7.093425,0,61.3813292523714,1,0.0,0,0.0,0,52.5157406667458,0,0.0,1,0.0,0,0.0,0,131.33257928386,0,178.049070332051,1,30.60968,1
AIZ,301.06987163128,1,20.4309450183762,0,0.0,0,0.0,0,0.0,1,370.249303590432,0,399.984132029765,0,20.9266080323076,0,187.274707045858,0,11.79302,0,0.0,0,0.0,0,145.541103163562,0,117.429018132005,0,745.3182478675,0,78.4865982549351,1,10.6465085629675,0,0.0,0,104.373884717542,0,339.043946772532,0,230.434306585569,0,48.3778125936968,0,3.843825,0,42.9443857721925,0,0.0,0,0.0,0,62.4171748337401,0,12.59404,0,0.0,1,0.0,0,104.029319074284,0,361.513827634924,1,0.0,0
ASEL,533.534556900667,1,0.0,0,555.078564195392,0,0.0,0,0.0,0,0.0,0,198.686815970207,1,45.6404596765621,1,0.0,0,20.40213,1,52.0209688952159,0,33.7071276127637,1,167.398174300164,1,0.0,0,0.0,1,115.451966044918,0,35.396172949514,1,0.0,1,361.17231585003,1,127.511435783256,0,285.123476462286,1,0.0,1,0.0,0,0.0,0,40.1466984801604,1,80.9199201715005,1,47.9245478454015,0,0.0,0,0.0,0,0.0,0,535.934934396406,0,121.793520796832,0,0.0,0
ASER,397.170427778733,1,0.0,0,0.0,0,0.0,0,0.0,0,0.0,0,255.502893324106,1,69.5602195310324,1,69.5586035689521,0,113.6895,1,47.3454724933134,0,14.551648023958,1,261.009562737793,1,0.0,0,297.532450852158,1,116.614449179445,0,24.2195426216409,1,0.0,1,458.946307931575,1,273.85031396634,0,375.927840552293,1,0.0,1,2.392437,0,41.8931974802603,0,10.9961648999163,1,153.392702592552,1,58.8878459747714,0,0.0,0,0.0,0,0.0,0,312.642800677717,0,81.0238225287819,0,0.0,0
ASH,221.84857511924,1,14.8780852593455,0,0.0,0,0.0,0,24.19587,1,0.0,0,132.313407707204,1,11.3797589951137,1,0.0,1,0.0,0,45.8694648485543,1,0.0,0,72.3544981770966,0,0.0,0,49.2865388701426,1,25.0029196252653,1,10.9836451188006,0,0.0,1,530.059693452239,1,128.323063818945,0,91.0638085252516,1,0.0,0,1.248139,0,0.0,0,66.4273179112058,1,83.2174503263361,1,0.0,0,10.35762,0,0.0,1,0.0,0,250.489509625054,0,347.065477244092,0,0.0,0
ASI,78.6885836917599,1,44.18654278854,1,0.0,1,0.0,0,0.0,1,14.1772517687938,0,58.1342361186769,0,52.88190930827,1,49.920891962085,0,10.33689,0,41.5860376425297,0,94.5923899914265,1,33.0366865377476,0,0.0,0,346.235268705123,1,16.4203548893784,1,35.0266677106356,0,0.0,0,331.829207096092,1,118.799781902164,0,117.085130542022,1,0.0,1,0.0,0,0.0,0,7.50676295874149,1,113.529951673861,1,0.0,0,0.0,0,7.82536818412158,1,0.0,0,66.3786503121065,0,0.0,0,0.0,0
ASK,135.640343472404,1,14.1121642405683,1,1148.09737154834,1,0.0,0,0.0,1,30.627716024592,0,180.945746676271,1,30.962920169052,1,71.2628436021646,1,26.63128,0,52.1387344338158,0,268.440980492102,1,84.2633579341668,0,0.0,0,0.0,0,85.2152412967605,1,0.0,0,0.0,0,482.742369570044,1,221.545731983288,0,87.7498748951226,1,0.0,0,0.0,0,0.0,0,17.1382728618498,1,189.183444306365,1,0.0,0,0.0,0,9.68022738357873,1,0.0,0,217.560543780441,0,534.132420838196,0,11.04745,0
AFD,384.557105251889,1,0.0,0,0.0,0,0.0,0,0.0,1,0.0,0,134.479453612699,0,170.053142344612,1,0.0,0,72.94194,1,190.783195745358,0,0.0,0,256.119649271394,1,0.0,0,0.0,0,39.93305713178,1,0.0,0,0.0,1,238.975816761741,1,153.223069396313,0,152.17492528905,1,31.8312105630321,1,0.0,0,41.3108654760273,0,11.6050008455287,1,24.7366480390074,0,0.0,0,0.0,0,0.0,0,0.0,0,27.5847655194678,0,1930.6676535254,0,0.0,0
AUA,449.311940060837,1,0.0,1,0.0,0,0.0,0,0.0,0,23.6486906206249,0,203.973999421528,0,37.3387428237756,0,124.220126102999,1,18.90066,0,118.701851378537,1,0.0,1,158.922079707929,1,29.2450460146692,0,0.0,0,102.646660861239,0,23.7209049245309,0,61.23972,0,128.710119132208,0,293.613196325761,0,205.238329260669,0,0.0,0,0.0,0,57.5809049956548,0,0.0,0,0.0,0,85.459686436276,1,15.07763,1,26.2943446154552,1,0.0,0,208.723172851033,0,107.136359221433,0,28.61902,1
AIM,332.317335617235,1,252.952788518434,0,38054.9808311244,1,47.72689,0,46.70215,1,0.0,0,155.359299163116,0,22.3583829502693,0,165.919136533092,0,0.0,0,0.0,0,13.2936884002793,0,75.9920323316232,1,709.754775256706,0,407.815167128996,1,56.7972615018805,0,0.0,0,7.408278,0,23.8071672416927,0,173.957886705341,0,116.901810900327,0,0.0,0,18.48832,0,342.683896074896,0,0.0,0,0.0,0,39.7285435020075,0,10.19427,0,47.4108072352691,1,0.0,0,763.24788142502,0,34.1857486783026,0,0.0,0
AIY,114.478959591979,1,109.693268640827,1,93251.3806607271,0,35.17172,0,5.875567,1,0.0,0,182.261529130412,0,26.8177168849444,0,0.0,0,0.0,1,0.0,0,47.6400588088065,0,81.9240610770168,1,55.1590305288433,0,137.03713631671,0,63.1363217806733,1,14.0201066410033,0,0.0,0,45.3275349336221,0,116.593933785875,0,69.9534439518162,0,639.824882521745,0,1.672467,0,81.5753970596541,0,0.0,0,0.0,0,14.6394716909953,1,0.0,0,0.0,1,0.0,0,74.8077147510401,0,182.969735380364,0,36.93759,0
AVK,180.748112681595,1,5.86425003603415,0,14264.2532152005,0,0.0,0,2.787814,1,41.3066934124406,1,53.8046686889347,0,11.2380693789774,0,0.0,0,18.58957,1,0.0,0,0.0,0,50.5990423031303,1,0.0,0,0.0,0,43.7331610257103,0,0.0,0,0.0,0,0.0,0,238.350284373245,0,95.8282046388664,0,0.0,0,0.0,0,108.689260607144,0,0.0,0,0.0,0,0.0,1,0.0,0,0.0,1,0.0,0,22.9202255211915,0,76.6035545852085,0,0.0,0
RIM,335.313812391333,1,0.0,0,0.0,0,47.11374,1,0.0,0,37.7298800710726,0,167.582414537257,0,32.7370459522413,0,112.201748745438,0,23.5236,0,48.1294855146738,1,14.8057542949343,0,925.453168938275,0,179.684607252404,0,0.0,0,101.00930052104,0,17.2515856147964,1,0.0,0,51.1716469645296,0,218.109114587422,1,156.084214945725,0,0.0,0,18.99506,0,0.0,1,0.0,0,0.0,0,82.7098236271226,0,0.0,0,31.9396511523032,1,0.0,0,354.35339086485,0,2221.73626327549,0,146.2095,1
AVE,269.358675908645,1,139.280529453173,1,0.0,0,126.6354,0,35.57894,0,73.9953454913948,0,253.757426373031,0,13.1353649881372,0,222.601762973163,0,0.0,0,0.0,0,57.4291827623169,0,337.856818301406,0,0.0,0,0.0,0,62.2222264796329,0,11.479320910126,0,0.0,0,63.8884891148644,0,254.555719070637,0,126.048832916421,0,0.0,0,3.236543,0,80.1984018758828,1,0.0,0,0.0,0,131.889209434608,0,23.90448,1,92.9077533595737,1,0.0,0,84.9775535612499,0,709.413195784611,0,44.21463,1
RIS,20.8914449253927,1,26.4902102670813,0,0.0,0,0.0,1,0.0,0,0.0,0,200.827175894334,0,9.06746098435048,0,0.0,0,14.98155,0,0.0,0,0.0,0,83.7636015953277,0,274.368044965437,0,0.0,0,20.5154856419692,0,11.3501703570452,0,0.0,0,20.3116684996635,0,102.295780397593,0,23.3436236065863,0,0.0,0,0.0,0,0.0,0,0.0,0,0.0,0,0.0,1,26.93923,0,12.5753393816866,1,0.0,0,76.9498993965047,0,233.154850575608,0,0.0,0
RIB,232.654286406025,1,18.6255247951734,0,98336.9988914508,0,0.0,0,0.0,0,141.372301477464,0,163.403450547299,1,0.0,0,0.0,0,36.52251,0,0.0,0,66.1354769486184,0,383.946394942448,0,0.0,0,0.0,0,129.889290863078,0,0.0,0,0.0,0,71.1058219431438,0,265.522662056634,0,94.9844195929821,0,786.919558260276,0,0.4373082,0,0.0,0,0.0,0,0.0,0,68.4575776077507,1,0.0,0,68.7253164015017,0,0.0,0,558.314790418149,0,0.0,0,172.1837,1
AWA,213.352185892752,1,6.87442864950515,0,840.258837150773,0,0.0,0,0.0,0,7.89513825643304,0,42.3985970965916,0,13.3213535531059,1,12.8582666305492,0,58.30858,1,48.6765686800114,0,12.6048136453957,1,70.9184545400515,1,0.0,0,135.5759269478,1,25.8011422716728,1,25.8801739176868,0,0.0,0,290.686520921429,1,167.384404820878,0,132.988578019451,0,287.849222636877,1,0.3040993,0,0.0,0,0.0,1,36.4135748610215,0,19.5780794697919,0,0.0,0,0.0,0,0.0,0,7.78874439080298,0,0.0,0,0.0,0
RIA,161.059966594782,1,0.0,0,0.0,0,0.0,0,0.0,0,54.763829177693,0,377.374189985984,0,35.2421886494921,0,182.00823573045,0,0.0,0,0.0,0,314.384258492722,0,0.0,0,47.818325828655,0,341.569020849944,0,77.6603446289895,0,0.0,0,0.0,0,207.183067601005,0,329.140721444502,0,2173.64737445822,1,0.0,0,0.0,0,66.8057018259709,0,128.502361541213,0,0.0,0,36.2075492820798,0,12.6128,0,19.2045521129212,0,0.0,0,137.160003411952,0,182.972664505269,0,284.856,0
ADL,191.703720628857,1,0.0,0,0.0,0,0.0,1,0.0,1,18.5701676575179,0,113.031046207203,0,17.7500967735556,0,20.5004198918274,1,7.547889,0,17.0169916951702,0,0.0,0,297.340001631619,0,0.0,0,0.0,0,64.0129049232498,0,14.9197682294076,0,0.0,1,232.015851375909,1,103.779603319013,0,107.110492104853,1,0.0,0,0.0,0,0.0,0,59.5053835369236,1,146.689559291152,1,0.0,1,0.0,0,15.071082618887,1,0.0,0,17.1676420063029,0,0.0,0,0.0,0
RIV,242.794864729283,0,0.0,0,6589.58335415396,0,0.0,0,0.0,0,29.7410328359538,1,88.0732497894842,0,21.3882677529015,0,208.496824415505,1,0.0,0,0.0,0,0.0,0,69.5923720904538,0,108.206811910721,1,0.0,0,62.6702722904372,0,42.8118656923753,0,0.0,0,0.0,0,174.447824764795,0,111.184359938633,0,0.0,0,2.428489,1,0.0,0,0.0,0,0.0,0,60.1101473529968,0,0.0,0,119.698878757552,1,0.0,0,86.6537752450561,0,1830.12482161568,1,0.0,0
RMD_LR,273.824389216406,0,65.3006880525958,1,543.330904685727,0,69.16024,0,0.0,0,63.5877443078591,1,367.522489066215,1,22.0139442471904,0,95.0190706858083,0,0.0,0,0.0,0,0.0,0,105.242892040268,0,129.943339020847,1,0.0,0,90.9654642932995,0,0.0,0,0.0,0,170.805946692899,0,275.064117898488,1,144.48865131991,0,0.0,0,0.0,1,0.0,1,0.0,1,0.0,0,169.47959783533,0,75.68421,1,38.4165987942995,1,0.0,0,154.067944127376,0,1894.96135053618,0,0.0,1
RMD_DV,279.868089718944,0,52.2189049641641,1,1369.32239559769,0,163.5721,0,0.0,0,90.387300854188,1,305.323896240035,1,63.3442277422267,0,0.0,0,0.0,0,0.0,0,81.4232504185622,0,146.953619735612,0,82.5952468338666,1,0.0,0,81.7863742757225,0,0.0,0,0.0,0,541.409733240654,0,301.378134656702,1,177.877710281818,0,0.0,0,0.0,1,0.0,1,0.0,1,0.0,0,231.990714335796,0,34.6282,1,52.5492089567983,1,0.0,0,244.098440866619,0,1189.56779782366,0,53.75993,1
RIC,329.742989813696,0,32.130088905704,1,734.13775974379,0,0.0,0,11.56014,1,0.0,1,168.962899255736,0,29.255894888803,0,76.5329465136804,0,0.0,0,7.73430037124008,1,49.7640795762903,0,90.6375130794001,1,402.562395037003,0,0.0,0,52.9706226967861,0,0.0,1,0.0,0,49.677897441093,0,286.041629516114,0,146.060352598952,0,0.0,0,20.10267,0,218.761922679467,0,0.0,0,0.0,0,105.426346180091,1,0.0,1,12.5895944220369,1,0.0,0,79.4803800258461,0,47.4951491049048,0,62.53379,1
RMG,215.469719125368,0,0.0,0,23792.5645339173,1,0.0,0,0.0,0,43.2130644228603,1,260.170995396455,0,0.0,0,46.3486319846451,0,8.004325,1,0.0,0,42.4458977992033,0,241.218567966327,1,75.3954229201738,0,0.0,0,377.928857102679,0,20.4148725672578,0,0.0,0,0.0,0,168.835793965708,1,115.694722689351,0,0.0,0,0.0,0,69.697278775344,0,98.8170247774804,0,0.0,0,52.2621678632388,0,6.630435,0,77.409310063965,1,982.729207551366,0,100.578841872102,0,180.239700937101,0,0.0,0
SAA,144.555180527199,0,0.0,0,14798.8852716778,1,54.77722,0,0.0,0,43.2078625605313,0,159.150406460333,0,86.230708697019,0,103.527309831455,0,69.74926,0,0.0,0,0.0,0,0.0,0,82.8792177696195,0,0.0,0,98.2406372754194,0,48.727445783703,0,54.25476,0,27.4345815629047,0,210.514512289727,0,134.134164174393,0,0.0,0,0.0,0,0.0,0,0.0,0,0.0,0,0.0,0,0.0,0,51.1988706137536,0,0.0,0,255.575073900532,0,89.0340666726343,0,120.7413,1
BAG,243.27591346291,0,0.0,0,998.289980508097,0,0.0,0,0.0,1,0.0,0,80.5780849165502,0,107.266732992318,0,0.0,0,144.6431,1,52.260072022674,0,40.6917872464197,0,390.941304231967,1,0.0,0,197.335821558099,1,44.1530768017694,0,0.0,0,0.0,1,163.486107278981,0,316.404204868409,0,147.407807803456,0,223.981978663674,0,0.0,0,105.752120882909,0,2.9581751434567,0,99.274338253014,0,0.0,0,0.0,0,30.9883062177062,0,0.0,0,82.6356427136913,0,1519.05369171073,0,0.0,0
FLP,628.364150758901,0,7.81409543968796,0,0.0,0,0.0,0,0.0,0,82.9324809560243,0,559.961388496279,0,32.3665607441568,0,178.168788908705,0,38.13113,0,47.9667764515416,1,0.0,0,53.3449811423015,0,0.0,0,0.0,0,21.6102759385002,0,0.0,1,0.0,0,35.4810620326782,0,465.443650864408,0,169.790040846457,0,0.0,0,0.0,0,0.0,0,0.0,0,0.0,0,153.402617563421,1,0.0,0,0.0,1,0.0,0,0.0,1,2412.48916164568,0,0.0,0
RIG,347.293942757713,0,73.6174076002711,1,0.0,0,83.34986,1,0.0,0,47.7662423271502,0,231.113462047871,0,15.8191503376842,0,123.20362288787,0,45.02369,0,71.3270712029917,1,0.0,0,420.607691807127,0,50.3602910226568,0,0.0,0,62.3567098410378,0,37.082112294655,0,23.83076,0,0.0,0,258.806422002293,0,149.719289337297,0,0.0,1,11.9917,0,67.5439542444553,0,0.0,0,0.0,0,103.16056743655,0,20.84898,0,70.5852008480903,0,0.0,0,511.52120075854,0,549.525776858282,1,96.80075,0
SIA,291.845717584878,0,0.0,0,3271.11246729421,0,156.7128,1,0.0,0,38.740917018693,1,294.361690077775,0,34.1029546596072,0,104.95960603949,1,0.0,0,0.0,0,0.0,0,63.7376330213745,0,0.0,1,0.0,0,100.117554222069,0,19.9710979813845,0,62.69411,0,64.6134994077058,0,245.691004455897,1,137.73767055105,0,0.0,0,0.0,1,0.0,0,0.0,0,0.0,0,76.801395517831,1,0.0,0,75.981313481139,0,66.620185111296,0,85.6246409175624,0,243.456991480396,0,35.77619,1
RMH,273.067287568916,0,0.0,0,13703.1646470213,0,0.0,0,0.0,0,0.0,0,380.287830115024,0,0.0,0,0.0,0,0.0,0,0.0,0,0.0,0,159.257809042697,0,0.0,0,0.0,0,56.2926654565867,0,20.510044428746,0,0.0,0,22.028948315495,0,138.455190802066,0,118.588867570948,0,0.0,0,0.0,0,42.2629099454474,0,0.0,0,0.0,0,161.042569549733,0,0.0,0,71.5694459019155,0,0.0,0,46.157457332629,0,0.0,0,0.0,0
RMF,258.870351344047,0,0.0,0,1128.96050943475,0,84.65735,0,0.0,0,0.0,0,272.991001384777,0,78.1145299072524,0,71.667350855789,0,0.0,0,0.0,0,55.3795153746993,0,139.444194113622,0,0.0,0,0.0,0,85.7514338261829,0,32.0661373026974,0,34.77914,0,74.2121700856728,0,121.078885175958,0,147.451502932925,0,0.0,0,0.0,0,0.0,0,0.0,0,0.0,0,59.2046104408669,0,0.0,0,105.497514452988,0,0.0,0,36.1878308423922,0,562.347959986895,0,0.0,0
RIR,465.331617949281,0,0.0,0,804.378281887919,0,0.0,0,0.0,0,0.0,0,139.901706101017,0,0.0,0,265.811840264346,0,71.76652,0,138.627958200571,0,104.591109906101,0,268.484141217234,0,163.361286101226,0,0.0,0,1053.29727330008,0,0.0,0,0.0,0,124.834893846231,0,156.668785685017,0,198.043659755029,0,0.0,0,0.0,0,0.0,0,0.0,0,0.0,0,0.0,0,11.61265,0,179.739270629028,0,0.0,0,0.0,0,0.0,0,0.0,0
RIH,433.954857055213,0,0.0,0,820.673785226431,0,0.0,0,0.0,0,0.0,0,113.606391812447,0,14.2511078486469,0,23.3751000507083,0,118.5607,0,94.5163857455082,0,154.81266375028,0,172.77648335003,0,699.051281995776,1,0.0,0,29.5019991524198,0,47.4836776387615,0,0.0,0,32.1588631190367,0,50.3443884843919,0,228.386070052625,0,0.0,0,0.0,1,71.2981941746197,0,0.0,0,0.0,0,74.5247878208363,0,0.0,0,154.813060575368,0,0.0,0,75.0580427143985,0,0.0,0,179.0361,0
AVL,382.060068594655,0,102.964497696182,0,0.0,0,64.88945,0,0.0,0,0.0,0,142.882261628247,0,27.7666837060516,0,344.94241677906,0,0.0,0,0.0,0,0.0,0,68.4959147254921,0,0.0,0,0.0,0,51.498089721141,0,0.0,0,26.76995,0,25.0178031741314,0,280.428642770144,0,86.4694847015436,0,114.943578585135,0,0.0,0,0.0,0,0.0,0,0.0,0,0.0,0,27.39924,0,36.5942456968982,0,0.0,0,0.0,0,300.465210097525,0,98.54101,0
AIA,205.54670746155,0,0.0,0,0.0,0,17.25229,0,0.0,0,0.0,0,67.207593086403,0,98.0191230532935,0,101.429120826477,1,8.9115,0,0.0,0,0.0,1,186.08281961786,0,0.0,1,4185.07709279373,1,14.7282642864659,0,0.0,0,0.0,0,16.7206914525963,1,186.766630434309,0,127.031872881887,0,0.0,0,6.075638,1,0.0,0,0.0,0,0.0,0,110.167692363321,0,0.0,0,0.0,0,0.0,0,548.615180356299,0,0.0,0,0.0,0
SAB,296.487561488064,0,0.0,0,103.942737981411,0,61.07573,1,0.0,0,85.9975804919779,0,119.30834737408,0,0.0,0,97.4674847705393,0,0.0,0,0.0,0,183.032960201436,0,0.0,0,0.0,0,0.0,0,81.2818908305681,0,0.0,0,23.64511,0,0.0,0,775.849352749916,0,0.0,0,397.427393402908,0,0.0,0,0.0,0,0.0,0,0.0,0,178.585303078257,0,0.0,0,409.790501125015,0,0.0,0,83.9945674301508,0,750.7087984726,0,166.914,0
RIF,293.92534720264,0,31.6302296446966,0,22567.5618674764,0,22.34604,1,0.0,0,54.5847755696668,1,175.870010744272,0,18.587872598494,0,127.123619928474,0,0.0,0,0.0,0,0.0,0,135.53445673198,0,0.0,0,0.0,0,14.9025063197745,0,0.0,0,0.0,0,30.7908001150493,0,219.590328638912,0,89.2347195131374,0,0.0,0,0.0,0,0.0,0,20.0363057326984,0,0.0,0,141.993032050458,1,0.0,0,0.0,0,0.0,0,234.061548012731,1,301.567128182312,1,0.0,1
SMD,398.400290167654,0,118.660605702992,1,4014.09680908321,0,135.6973,0,0.0,0,103.660789061324,1,296.766710705901,1,20.2497857030198,0,104.403774157855,0,0.0,0,0.0,0,0.0,0,99.059960980204,0,124.846279086929,1,0.0,0,77.3333412848913,0,33.7127375720258,0,34.66319,0,184.959897909561,0,265.070572140628,1,99.4247776598063,0,0.0,0,0.0,1,69.8409533142065,1,0.0,0,0.0,0,236.031355049706,1,50.2171,1,48.8049772242929,0,233.815997048853,0,169.670291488642,0,1265.56757432703,1,0.0,1
AVG,401.096296691692,0,43.4726335223272,0,0.0,0,0.0,0,0.0,0,92.9237111566959,1,505.445613361653,0,45.2442612553404,0,29.1734919333597,0,0.0,0,0.0,0,0.0,0,19.7211364568043,0,0.0,0,0.0,0,60.2132671396381,0,49.068242448671,0,731.4855,0,26.5444743411587,0,351.959408036377,0,75.4121137862963,0,0.0,0,0.0,0,0.0,0,0.0,0,0.0,0,66.3103085177864,0,0.0,0,39.5252227069696,0,0.0,0,295.580286553925,0,324.297253027818,1,227.5425,1
AVF,460.510972062364,0,0.0,0,0.0,0,0.0,0,38.69556,0,0.0,0,70.9121076837898,0,50.4621842573474,0,252.393333077148,0,47.44648,0,0.0,0,140.576443804358,0,378.882070094533,1,107.070566253773,0,261.138230689558,0,564.222141446777,0,0.0,0,126.8013,0,0.0,0,341.033572240915,0,169.184115949182,0,0.0,0,0.0,0,107.097834899669,0,0.0,0,0.0,0,90.472430632292,0,28.35397,0,26.0764897765423,0,0.0,0,81.0715184664019,1,0.0,0,0.0,0
M5,210.550194379029,0,0.0,0,0.0,0,0.0,0,0.0,0,83.595638193673,0,121.27328696113,0,20.0701344470526,0,0.0,0,0.0,0,0.0,0,0.0,0,164.951639915748,0,124.149936313471,0,0.0,0,116.835952884023,0,0.0,0,0.0,0,62.8064144842625,0,206.850389211807,0,195.326034748621,0,0.0,0,0.0,0,101.987921997323,0,0.0,0,0.0,0,178.846999684125,1,33.18602,0,27.9656494862292,0,0.0,1,0.0,0,0.0,0,88.83318,1
M2,273.076166090805,0,0.0,0,0.0,0,285.4355,0,0.0,0,227.558879978131,1,88.8379031122413,0,0.0,0,0.0,0,0.0,0,0.0,0,0.0,0,30.6633871155269,0,139.292228859834,0,0.0,0,122.294121436279,0,18.4401298827008,0,0.0,0,54.0713038666177,0,308.341423921533,0,130.763050132703,0,0.0,0,0.0,0,0.0,0,0.0,0,0.0,0,122.645667315496,0,24.66114,0,59.5604956887265,0,644.544899171686,1,0.0,0,0.0,0,1054.206,0
M1,247.446754461404,0,0.0,0,0.0,0,55.41501,0,0.0,0,160.300257984074,0,96.4403947273478,0,5.00114885859315,0,0.0,0,124.7863,0,0.0,0,0.0,0,195.514479226752,0,288.748370461655,0,0.0,0,47.3335290157242,0,8.84724353043948,0,66.01748,0,354.88023736172,1,275.889746220363,0,43.5932150602012,0,0.0,0,16.35037,0,18.5080263689049,0,0.0,0,0.0,0,140.997121941172,0,30.31702,0,12.085288727712,0,88.0895683172582,1,0.0,0,0.0,0,277.1465,0
I6,70.7987130653025,0,0.0,0,0.0,0,0.0,0,0.0,0,0.0,0,324.885961276053,0,45.9562948906859,0,147.779599376367,0,0.0,0,0.0,0,0.0,0,160.639338439188,0,0.0,0,0.0,0,98.7782400947956,0,331.850130626538,1,0.0,0,136.49428836822,0,112.901041213659,0,202.940716605677,0,0.0,0,0.0,0,0.0,0,0.0,0,0.0,0,77.6847885370149,1,0.0,0,0.0,0,1856.4073185109,0,0.0,0,480.114003464145,0,356.7179,0
I5,174.491303470926,0,0.0,0,0.0,0,0.0,0,0.0,0,43.3319624741366,0,68.3558973933215,0,29.8075161888876,0,113.957141758426,0,0.0,0,0.0,0,0.0,0,138.849678954791,0,0.0,0,694.009270842761,0,85.0121576156101,0,8.9064782700509,0,0.0,0,81.6939298282701,1,195.27559493634,0,179.272347168811,0,0.0,0,0.6431115,0,18.8861705807855,0,0.0,0,0.0,0,51.166973198794,0,15.98205,0,10.9315827270056,0,486.791300652788,1,0.0,0,0.0,0,10.01992,0
I4,244.058701411241,0,0.0,0,0.0,0,0.0,0,0.0,0,402.92249753155,0,84.3710436072539,0,0.0,0,0.0,0,35.57304,0,0.0,0,0.0,0,115.169445263069,0,0.0,0,0.0,0,182.005098842111,0,38.2385880379398,0,234.1288,0,241.589635766024,1,406.471180231894,0,259.890142545781,0,0.0,0,0.0,0,52.5070652667436,0,0.0,0,0.0,0,232.515165846921,0,51.67729,0,70.3345231978332,0,243.779225367282,0,0.0,0,0.0,0,513.6594,0
SIB,222.626467875832,0,12.7435439306132,0,472.28561903952,0,0.0,1,0.0,0,42.6804387466493,1,202.78105653178,0,19.1675277304536,0,0.0,0,0.0,0,0.0,0,61.866028835597,0,59.3804622111122,0,0.0,0,0.0,0,46.3881434981248,0,21.3635636638915,0,176.7146,1,39.3797847050672,0,261.26760872685,0,133.550594102143,0,0.0,0,0.0,0,0.0,0,0.0,0,0.0,0,40.8006979360192,1,0.0,0,100.188860190405,0,0.0,0,105.198120984641,0,704.103466079685,0,34.82461,1
AVB,212.413953839813,0,22.9561759651104,0,96286.1843252191,1,0.0,0,80.1438,1,82.1981786381206,1,282.483659938632,0,18.5054887264169,0,70.0569683884185,0,0.0,0,0.0,0,0.0,0,65.7815549949218,0,0.0,0,0.0,0,43.5248840508848,0,0.0,0,32.00527,0,28.3780663295539,0,279.961405018038,0,72.4844100271731,0,0.0,0,0.0,0,154.094252119563,1,0.0,0,0.0,0,23.9359084593166,0,24.83792,1,0.0,1,0.0,0,76.4616235209295,0,47.7688180953922,0,59.79443,1
AWB,291.382279187797,0,0.0,1,0.0,0,0.0,0,0.0,1,0.0,0,72.0469026631291,0,54.4276167337837,1,0.0,0,132.5084,1,74.3015362263656,0,177.65555854058,1,56.3537205122709,0,0.0,0,217.096727490943,0,0.0,1,46.7304573006637,0,0.0,0,305.97824898041,1,143.317618507341,0,190.602934095764,1,124.653401974219,0,0.0,0,67.5464922545685,0,0.0,1,126.458855545384,0,0.0,1,0.0,0,13.482888626236,0,0.0,1,214.339735490612,0,0.0,0,0.0,0
RME_LR,334.442924762592,0,28.7366289392998,1,0.0,0,220.4935,0,0.0,0,0.0,1,231.40505038535,0,0.0,0,107.979111032937,0,0.0,0,0.0,0,239.269399746164,0,0.0,0,0.0,0,0.0,0,279.596795628096,0,0.0,0,0.0,0,90.683361252967,0,549.919236921075,0,140.678149347167,0,399.644127866356,0,0.0,0,183.313980464386,1,0.0,0,0.0,0,316.784034384948,1,0.0,0,0.0,1,0.0,0,80.4817856403607,0,2450.86299194389,1,251.5633,1
I3,479.708837494885,0,0.0,0,0.0,0,0.0,0,0.0,0,8.05564880061529,0,219.361066124565,0,0.0,0,312.477905883844,0,44.69121,0,0.0,0,0.0,0,36.2650237521535,0,0.0,0,0.0,0,341.051674191483,0,8.05564880061529,0,0.0,0,225.375851776686,1,703.646912972748,0,98.1162169682897,0,0.0,0,0.0,0,124.596281951676,0,0.0,0,0.0,0,8.05564880061529,0,337.1208,0,92.6857284079136,0,404.220281887491,1,0.0,0,0.0,0,825.9455,1
I2,70.1066999228969,0,0.0,0,0.0,0,0.0,0,0.0,0,0.0,0,300.667660150776,0,0.0,0,24.1175545209163,1,0.0,0,0.0,0,0.0,0,0.0,0,0.0,0,0.0,0,1026.85141917573,0,0.0,0,0.0,0,2018.55127355619,0,500.36586858459,0,271.032955337384,0,0.0,0,0.0,0,0.0,0,0.0,0,0.0,0,230.535974435985,0,341.5137,1,16.9360352041143,0,0.0,0,0.0,0,0.0,0,170.0221,0
I1,208.215604095788,0,0.0,0,0.0,0,179.4092,0,0.0,0,171.214954696249,1,129.868826498355,0,0.0,0,68.4425023698261,0,189.1565,0,0.0,0,0.0,0,116.766405316213,0,81.975088681208,0,0.0,0,142.93765256617,0,96.3737579864669,0,144.4023,1,291.885812739158,0,426.071164818505,0,132.395182531932,0,0.0,0,0.0,0,0.0,0,0.0,0,0.0,0,197.097869587103,1,25.31652,0,32.5097945835459,0,0.0,1,125.06484654282,1,0.0,0,39.27452,0
URY,541.416064597053,0,0.0,0,0.0,0,0.0,0,0.0,0,0.0,0,212.340301167988,0,0.0,0,58.9111185433904,0,0.0,0,0.0,0,66.9911672794738,0,228.055590282304,1,75.6370379150289,0,0.0,0,86.617319163033,0,0.0,0,0.0,0,83.5931524748347,0,370.592693605169,0,212.39756907755,0,0.0,0,0.0,0,0.0,0,39.64823214143,0,480.802837370213,0,180.820217928739,0,104.6649,0,42.201862101794,0,0.0,0,686.730999660272,1,0.0,0,0.0,0
URB,624.235310193596,0,0.0,0,2520.61970352623,0,0.0,0,0.0,0,0.0,0,96.1645743028602,0,6.49920706691582,0,161.928359037619,0,0.0,0,0.0,0,29.0509612594947,0,28.9687025333449,0,286.082531957052,1,0.0,0,53.4564220002466,0,0.0,0,0.0,0,79.8626559005921,0,269.323273977082,0,102.18555792084,0,0.0,0,2.198831,1,0.0,0,0.0,0,0.0,0,492.773538633919,1,0.0,0,0.0,0,0.0,0,26.2348782160385,0,219.636836648514,0,45.64805,0
URA,367.348659122542,0,0.0,0,0.0,0,139.4172,0,0.0,0,171.706376335585,1,118.560048121994,0,17.2525623496073,0,88.5415230444225,1,0.0,0,0.0,0,0.0,0,0.0,0,551.878226443229,1,0.0,0,58.6441631418994,0,0.0,0,0.0,0,30.2747086009631,0,396.671844617472,0,186.124855530024,0,0.0,0,0.0,1,0.0,0,0.0,0,0.0,0,121.144877517966,1,0.0,0,163.457278119871,0,0.0,0,0.0,0,0.0,0,87.67125,0
RME_DV,281.295085310831,0,45.5544009905205,1,0.0,1,0.0,0,0.0,0,82.3815251626696,0,327.203790420077,0,0.0,0,481.251132256474,0,0.0,0,0.0,0,0.0,0,214.115668678913,0,0.0,0,0.0,0,127.315847353881,0,0.0,0,0.0,0,97.0294999289405,0,242.92471089451,0,96.386265061745,0,0.0,0,0.0,0,164.36349283496,1,0.0,0,0.0,0,161.345311690964,1,0.0,0,430.246237772776,1,0.0,0,221.482877465641,1,2713.6248409413,1,323.7294,1
AVJ,281.109570647923,0,0.0,0,0.0,0,0.0,0,0.0,0,31.3672995681886,1,169.144910845512,1,43.0562382206468,0,70.4497065741411,1,0.0,0,0.0,1,77.1708293181775,0,123.444996000038,1,0.0,0,44.8220280432953,0,72.1345243348146,0,0.0,0,0.0,0,0.0,0,391.382032721787,0,138.956994109625,0,0.0,0,0.0,0,0.0,1,31.1069965700718,0,0.0,0,119.495013811615,1,112.1354,1,99.1533637846756,1,0.0,0,39.6495152374399,0,0.0,0,0.0,0
RIP,196.94196906794,0,15.0747072307147,0,0.0,0,32.90125,0,235.1045,0,85.8997226416701,0,590.560942219365,0,47.9953202511271,0,46.27878454764,0,10.33521,0,191.150600324085,1,0.0,0,29.8272173196497,0,196.456920640297,0,0.0,0,41.7798206525569,0,0.0,0,14.75639,0,154.242723239578,0,733.688981798602,0,0.0,0,0.0,0,0.0,0,0.0,0,0.0,0,0.0,0,105.187074149542,1,0.0,0,36.646562330904,0,0.0,0,57.0052588865125,0,39.3081780978437,0,0.0,0
OLQ,331.111966398984,0,36.5437815506625,0,230.58525564862,0,0.0,0,0.0,0,183.772178456763,0,184.038148068049,0,44.0619844849788,0,0.0,1,0.0,0,0.0,0,0.0,0,0.0,0,0.0,0,0.0,0,88.7034345323937,0,38.8515910725009,0,436.4001,0,2905.22510789362,0,272.484492607984,1,337.106115769773,0,0.0,1,0.0,0,0.0,0,0.0,0,6.70108067159072,1,278.858736573547,0,0.0,0,277.706868543437,0,0.0,0,220.183352727789,1,0.0,0,0.0,0
OLL,197.176392127058,0,0.0,0,0.0,0,0.0,0,423.6886,0,0.0,1,44.5088030079985,0,0.0,0,42.089154203558,1,109.2265,0,0.0,0,0.0,0,224.58258617013,0,0.0,0,0.0,0,56.3607639622357,0,0.0,0,0.0,0,837.196656137829,0,877.877411246814,1,177.120166078967,0,0.0,0,0.0,0,0.0,0,0.0,0,159.846794304899,1,95.7182805889255,1,0.0,0,0.0,0,2515.77572143776,0,31.1655919367447,1,194.307525754091,0,0.0,0
IL2_LR,291.337874052521,0,3.98737614643347,0,0.0,0,0.0,0,0.0,0,200.220896716049,0,101.347785485071,0,21.7028178841493,1,74.6607875169683,1,45.31909,0,0.0,0,133.089987620412,1,25.4680492558501,0,171.271424689045,1,728.909591473974,0,45.4026134868782,0,247.561034165961,1,0.0,0,425.500973281051,1,209.314645026595,0,88.0032889513103,0,0.0,0,1.501849,1,0.0,0,32.3678647705291,0,132.592312178185,0,96.2263882645598,0,0.0,0,97.7238099294911,0,845.254899976651,0,32.4597671076014,0,0.0,1,0.0,0
IL2_DV,338.074370451168,0,112.325958702528,0,0.0,0,0.0,0,0.0,0,230.845377082834,0,146.449667039359,0,28.755098613713,1,1344.5074556532,1,49.53588,0,0.0,0,50.4454729094152,1,32.2476096232449,0,217.317849960648,1,0.0,0,71.9446074322999,0,286.675734862717,1,0.0,0,411.921699534455,1,335.889610006272,0,120.857661619145,0,0.0,0,0.4436138,1,31.0013239811713,0,4.17324281162624,0,169.047937583634,0,101.317668310042,0,0.0,0,43.5171518108994,0,0.0,0,0.0,0,0.0,1,0.0,0
IL1,525.213029974445,0,0.0,0,0.0,0,0.0,0,0.0,0,45.61902440814,1,246.357006335714,1,0.0,0,249.52819816349,1,0.0,0,0.0,0,0.0,0,325.245075811861,0,0.0,0,0.0,0,503.504403333162,0,0.0,0,0.0,0,312.07903713119,1,314.411063533938,0,0.0,0,1076.60023365953,0,0.0,0,0.0,0,0.0,0,240.439093351138,0,243.13474431498,0,198.2068,0,153.309040537568,0,0.0,0,0.0,0,985.052496734571,0,0.0,0
M3,356.455957247998,0,0.0,0,0.0,0,0.0,0,0.0,0,36.9536764456755,1,37.4126957588248,0,0.0,0,0.0,0,0.0,0,0.0,0,0.0,0,143.613540725169,0,0.0,0,0.0,0,357.682042065748,0,30.0499665118706,0,0.0,0,306.523498228072,0,326.64459282501,0,383.325394786524,0,0.0,0,0.0,0,41.6679973863154,0,0.0,0,0.0,0,30.2906888055679,0,20.32979,0,120.265123551618,0,375.846213119609,0,0.0,0,0.0,0,220.0142,0
M4,70.9028012496608,0,0.0,0,936.593275302953,0,0.0,0,0.0,0,0.0,0,30.2920150248395,0,0.0,0,270.562770562771,0,0.0,0,0.0,0,0.0,0,0.0,0,661.375661375661,0,0.0,0,168.691104879989,0,40.6107862248213,0,0.0,0,0.0,0,90.8760450745184,0,672.043010752688,0,0.0,0,0.0,0,0.0,0,0.0,0,0.0,0,30.2920150248395,0,0.0,0,81.859671790516,1,0.0,0,0.0,0,0.0,0,49.42665,0
MC,336.098455938961,0,0.0,0,0.0,0,115.412,0,0.0,0,0.0,0,163.171025491956,0,26.6217539121259,0,0.0,0,0.0,0,0.0,0,0.0,0,241.037255185467,0,0.0,0,0.0,0,142.770838295801,0,24.3664447738055,0,0.0,0,184.491381767755,0,379.369651185812,0,163.580720448466,0,0.0,0,0.0,0,0.0,0,0.0,0,10.0636151099966,0,527.038152706602,0,92.94317,0,35.3906385726678,0,414.106013176592,0,0.0,0,0.0,0,1083.734,1
MI,128.080873692093,0,25.1440622690766,0,0.0,0,0.0,0,0.0,0,120.839346329288,0,93.032757254546,0,31.5527113037435,0,19.0685489011199,0,0.0,0,0.0,0,0.0,0,63.6646891934696,0,0.0,0,0.0,0,116.969941723632,0,20.579401114894,0,40.88014,0,150.314174190612,1,189.92121300133,0,74.0479474544608,0,0.0,0,0.0,0,0.0,0,0.0,0,0.0,0,27.3981716310691,0,15.98511,0,7.19597935675913,0,0.0,0,0.0,0,0.0,0,0.0,1
NSM,319.666451090946,0,65.9021579612204,0,0.0,0,191.4455,0,0.0,0,67.3027225827305,0,156.517948524332,0,22.2421248233912,0,113.136900679121,1,162.9286,0,0.0,0,0.0,0,201.930985313919,1,0.0,0,264.127227120951,1,119.886687370326,0,15.2858904536537,0,0.0,0,421.812971805284,0,831.171033752211,1,268.44869471428,0,0.0,0,0.0,0,291.162300852749,0,6.30575664590228,0,0.0,0,159.793388698716,1,25.46654,0,7.0956459683043,0,0.0,1,96.1567475513873,0,0.0,0,335.9286,1
ALA,237.554009396593,0,54.530856877705,0,0.0,0,44.88789,0,0.0,0,0.0,0,107.389961697985,0,38.2459702431232,0,26.6711499954001,1,0.0,0,0.0,0,0.0,0,86.7256856687308,0,382.470565308069,0,0.0,0,87.339265038465,0,0.0,0,60.74333,1,0.0,0,271.339927817584,0,99.9531650303422,0,0.0,0,3.508186,0,0.0,0,2.12974631212595,0,0.0,0,98.6558259108709,0,0.0,0,5.25763262606393,0,0.0,0,129.393979321264,0,352.443685103873,0,0.0,0
RID,214.4336209576,0,8.12400036699294,0,157972.328361395,1,27.7808,0,0.0,0,24.7880252644184,0,88.4011864281741,0,29.922262998124,0,28.0564354151848,0,0.0,0,0.0,0,0.0,0,0.0,0,201.725469327283,0,576.500177461157,0,26.5827431114041,0,42.274473285936,1,0.0,0,10.0911705847119,0,232.227072156882,1,213.404077473125,0,0.0,0,0.0,0,41.8681221432608,0,0.0,0,0.0,0,27.2131856869533,0,0.0,0,20.6454251992754,0,706.948724405673,0,233.580015391423,0,0.0,0,253.4743,0
URX,248.789091486195,0,0.0,0,0.0,0,0.0,0,0.0,0,163.468858961332,0,71.377629726938,0,118.387298302245,0,0.0,0,11.52776,0,52.704903915744,0,38.7165632164933,0,205.027727070595,1,74.5556344275315,1,29.9209363424251,0,45.9885174479078,0,21.4313321073861,0,0.0,1,67.7373495942589,0,187.906926309061,0,118.991340123437,0,305.079972721289,0,0.0,1,0.0,0,0.0,0,52.8448895168027,1,76.708189771476,0,3.949452,0,64.9843063966977,1,0.0,0,194.989211389981,1,0.0,0,139.4022,1
ADA,443.861856302836,0,0.0,0,718.253225257887,1,0.0,0,0.0,1,0.0,0,215.351877517198,0,0.0,0,131.547471011629,0,0.0,0,68.5733446120698,1,0.0,0,138.138661063585,1,84.7218993016182,0,0.0,0,50.71796966504,0,0.0,1,0.0,0,23.8062619639977,0,390.287656284842,0,217.955296342545,0,0.0,0,0.0,0,111.594271407684,0,0.0,0,0.0,0,147.133499163566,1,0.0,0,0.0,1,0.0,0,39.8622851386459,0,0.0,0,0.0,0
ADE,351.323539484936,0,18.1535064315366,0,0.0,1,0.0,0,0.0,0,114.35486069496,0,153.732978832666,0,15.860375302002,0,0.0,1,0.0,0,0.0,1,34.4976903885013,0,101.621311503207,0,0.0,0,0.0,0,78.7373147654152,0,17.5664827716683,1,0.0,0,381.791018667915,0,493.522471655767,0,117.530492675346,0,1033.14831108762,0,0.0,0,0.0,0,68.9593997764936,0,112.269149124765,0,82.6352817797404,1,0.0,0,20.0049467593016,1,2280.22335042498,0,68.6497544857879,0,72.0046605972198,0,0.0,0
AIN,292.150877269059,0,44.6075878333569,1,0.0,0,46.66806,1,48.6039,0,0.0,1,185.136018132,0,53.4789965686724,0,131.714910596633,1,0.0,0,97.1704207152576,1,0.0,0,185.911160601773,0,0.0,0,933.053637775566,0,64.2516054717132,0,12.4628999417836,0,0.0,0,80.7070397523022,0,194.506795159307,0,87.8612212098566,0,0.0,0,0.0,0,61.1202553682023,0,0.0,0,0.0,0,135.845190981747,1,0.0,1,197.321262065365,1,0.0,0,61.5564653939978,0,0.0,0,0.0,0
AQR,309.679956491678,0,68.1116421538675,0,2198.76324314916,0,25.94748,0,0.0,0,0.0,0,93.7169413432068,0,425.321179409375,0,0.0,0,0.0,0,44.3404742192334,0,84.0555713583746,0,236.138853324544,1,46.0657274727242,0,13.0538734014383,0,161.752856866347,0,9.93139079577081,0,11.17363,1,98.3007610836292,0,224.375229722347,0,130.499090599176,0,0.0,0,0.0,0,0.0,0,12.801896723378,0,149.690456536045,0,42.8165105075405,0,0.0,0,49.8768920422441,0,0.0,0,111.670724794722,0,122.551465732906,0,0.0,0
ASG,179.391047564557,0,22.2461391954921,0,0.0,0,0.0,0,0.0,0,18.8056974758495,0,112.308586284708,0,253.126436985863,1,21.3288443972263,0,73.58159,1,47.516678641552,1,70.7610947012155,1,58.6694243613785,1,0.0,0,0.0,1,56.7620201541462,1,59.5611143517685,1,0.0,0,180.230979041847,1,130.333167678724,0,151.003933012189,0,0.0,0,0.0,0,0.0,0,3.65275430743709,1,173.081790953238,1,0.0,0,11.36964,0,30.5630316669274,0,0.0,0,183.9082525273,0,519.717535356976,1,0.0,0
ASJ,138.567721674266,0,6.69523121067653,1,0.0,0,0.0,0,0.0,0,0.0,0,67.6433708387101,0,26.5100883381334,1,51.1495668041002,1,0.0,0,5.92767172631827,0,0.0,1,41.7856856211472,0,0.0,0,759.428012615966,1,27.3725642213776,1,104.968683071287,0,0.0,0,231.253266855034,1,97.0453181770431,0,97.7291924266966,1,0.0,0,0.5809256,0,31.3655956357829,1,33.4953643781101,1,118.177790414904,1,0.0,0,0.0,0,3.95600047955271,0,0.0,1,0.0,0,0.0,0,0.0,0
CEP,288.471062767204,0,27.4047367065799,0,0.0,0,62.67416,0,0.0,0,42.0675802410232,0,162.77987029568,0,0.0,0,154.006905122338,0,0.0,0,0.0,0,0.0,0,62.9247550012419,0,89.0519606960992,0,0.0,0,65.0204592634437,0,24.2075521000742,0,0.0,0,451.246022186781,0,335.87436922962,0,110.639882752664,0,3317.03753598443,1,0.0,0,0.0,0,10.9437322306478,0,151.062882491896,0,115.835501190732,1,37.0067,0,55.535719355674,0,0.0,0,85.024464278954,0,98.6952012658772,0,0.0,0
AVD,610.144066827228,0,0.0,0,0.0,0,0.0,0,0.0,0,55.4011813365593,1,194.853894004381,0,29.602881353766,0,186.956286454194,1,0.0,0,0.0,0,0.0,0,0.0,0,0.0,0,0.0,0,45.2469553586992,0,0.0,0,0.0,0,0.0,0,463.088882255096,0,211.416986237133,0,0.0,0,0.0,0,0.0,1,0.0,1,0.0,0,200.761461176263,1,139.5627,1,101.19106870736,1,1182.54016664699,0,89.0727014968891,1,0.0,0,163.9802,0
AVH,311.547672964826,0,0.0,0,42891.29169273,0,0.0,0,0.0,0,30.1137894305992,0,68.2290833050622,0,22.2583250090157,0,95.8327447985539,1,0.0,0,0.0,0,93.289642278726,0,58.4955710146519,0,0.0,0,40.9871176178559,0,44.504288650026,0,91.9109694494281,0,0.0,1,0.0,0,280.265207139637,0,186.716817812822,0,0.0,0,0.0,0,0.0,0,3.35891938918305,0,0.0,0,92.4670729528658,1,14.40151,0,11.8184140620982,1,464.415436255869,0,7.56434267466281,0,26.1126080093781,0,0.0,0
SMB,229.276309279482,0,7.97261088719518,0,1839.30490725386,0,167.5904,0,0.0,0,25.2367505383351,1,199.612854316245,0,23.7496965461803,0,64.9471147770626,0,0.0,0,0.0,0,0.0,0,19.9864261625794,0,0.0,0,50.5877483556962,0,86.7614856724174,0,35.9019113025497,0,0.0,0,45.7406299917269,0,266.395255400407,0,107.561581195101,0,0.0,0,0.0,0,0.0,0,0.0,0,0.0,0,41.5005945840244,1,0.0,0,57.6063434496516,0,0.0,0,292.377936156882,0,329.293417401235,1,123.4555,0
